{
  "placeholderImages": [
    {
      "id": "1",
      "description": "A rich and creamy bowl of Paneer Butter Masala.",
      "imageUrl": "https://images.unsplash.com/photo-1565557623262-b51c2513a641?q=80&w=1970&auto=format&fit=crop",
      "imageHint": "indian food"
    },
    {
      "id": "2",
      "description": "A decadent slice of chocolate cake.",
      "imageUrl": "https://images.unsplash.com/photo-1605807646983-377bc5a76493?crop=entropy&cs=tinysrgb&fit=max&fm=jpg&ixid=M3w3NDE5ODJ8MHwxfHNlYXJjaHw1fHxjaG9jb2xhdGUlMjBjYWtlfGVufDB8fHx8MTc2ODQyNDgzNHww&ixlib=rb-4.1.0&q=80&w=1080",
      "imageHint": "chocolate cake"
    },
    {
      "id": "3",
      "description": "A creamy plate of Alfredo Pasta.",
      "imageUrl": "https://images.unsplash.com/photo-1563379926898-05f4575a45d8?crop=entropy&cs=tinysrgb&fit=max&fm=jpg&ixid=M3w3NDE5ODJ8MHwxfHNlYXJjaHw1fHxwYXN0YSUyMGRpc2h8ZW58MHx8fHwxNzY4NTAxMTE5fDA&ixlib=rb-4.1.0&q=80&w=1080",
      "imageHint": "pasta dish"
    },
    {
      "id": "4",
      "description": "A juicy vegan burger with fries.",
      "imageUrl": "https://images.unsplash.com/photo-1571091718767-18b5b1457add?ixlib=rb-4.0.3&ixid=M3wxMjA3fDB8MHxwaG90by1wYWdlfHx8fGVufDB8fHx8fA%3D%3D&auto=format&fit=crop&w=1172&q=80",
      "imageHint": "vegan burger"
    },
    {
      "id": "5",
      "description": "A fresh and healthy garden salad.",
      "imageUrl": "https://images.unsplash.com/photo-1512621776951-a57141f2eefd?ixlib=rb-4.0.3&ixid=M3wxMjA3fDB8MHxwaG90by1wYWdlfHx8fGVufDB8fHx8fA%3D%3D&auto=format&fit=crop&w=1170&q=80",
      "imageHint": "fresh salad"
    },
    {
      "id": "6",
      "description": "A warm bowl of tomato soup.",
      "imageUrl": "https://images.unsplash.com/photo-1575719332999-54a7a3b3763b?ixlib=rb-4.0.3&ixid=M3wxMjA3fDB8MHxwaG90by1wYWdlfHx8fGVufDB8fHx8fA%3D%3D&auto=format&fit=crop&w=687&q=80",
      "imageHint": "tomato soup"
    },
    {
      "id": "7",
      "description": "A slice of pepperoni pizza.",
      "imageUrl": "https://images.unsplash.com/photo-1513104890138-7c749659a591?ixlib=rb-4.0.3&ixid=M3wxMjA3fDB8MHxwaG90by1wYWdlfHx8fGVufDB8fHx8fA%3D%3D&auto=format&fit=crop&w=1170&q=80",
      "imageHint": "pizza slice"
    },
    {
      "id": "8",
      "description": "A plate of tacos.",
      "imageUrl": "https://images.unsplash.com/photo-1552332386-f8dd00dc2f85?ixlib=rb-4.0.3&ixid=M3wxMjA3fDB8MHxwaG90by1wYWdlfHx8fGVufDB8fHx8fA%3D%3D&auto=format&fit=crop&w=1171&q=80",
      "imageHint": "taco food"
    },
    {
      "id": "9",
      "description": "A set of sushi rolls.",
      "imageUrl": "https://images.unsplash.com/photo-1579584425555-c3ce17fd4351?ixlib=rb-4.0.3&ixid=M3wxMjA3fDB8MHxwaG90by1wYWdlfHx8fGVufDB8fHx8fA%3D%3D&auto=format&fit=crop&w=1170&q=80",
      "imageHint": "sushi rolls"
    },
    {
      "id": "10",
      "description": "A cup of coffee.",
      "imageUrl": "https://images.unsplash.com/photo-1511920183353-3c9c93dae237?ixlib=rb-4.0.3&ixid=M3wxMjA3fDB8MHxwaG90by1wYWdlfHx8fGVufDB8fHx8fA%3D%3D&auto=format&fit=crop&w=687&q=80",
      "imageHint": "coffee cup"
    },
    {
      "id": "11",
      "description": "A delicious sandwich.",
      "imageUrl": "https://images.unsplash.com/photo-1528735602780-2552fd46c7af?ixlib=rb-4.0.3&ixid=M3wxMjA3fDB8MHxwaG90by1wYWdlfHx8fGVufDB8fHx8fA%3D%3D&auto=format&fit=crop&w=1173&q=80",
      "imageHint": "club sandwich"
    },
    {
      "id": "12",
      "description": "A grilled steak.",
      "imageUrl": "https://images.unsplash.com/photo-1529692236671-f1f6b5f46b54?ixlib=rb-4.0.3&ixid=M3wxMjA3fDB8MHxwaG90by1wYWdlfHx8fGVufDB8fHx8fA%3D%3D&auto=format&fit=crop&w=1170&q=80",
      "imageHint": "grilled steak"
    }
  ]
}